{"cameraMode":{"drawMode":0,"name":"Shaded","section":"Shading Mode"},"sceneLighting":false,"audioPlay":false,"sceneViewState":{"m_AlwaysRefresh":false,"showFog":true,"showSkybox":false,"showFlares":true,"showImageEffects":true,"showParticleSystems":true,"showVisualEffectGraphs":true,"m_FxEnabled":true},"in2DMode":false,"pivot":{"x":0.5556708574295044,"y":0.4121503233909607,"z":-0.5582107305526733},"rotation":{"x":-0.18475870788097382,"y":0.14155742526054383,"z":-0.026926327496767045,"w":-0.9721798896789551},"size":0.08147220313549042,"orthographic":false}